antecedents;consequents;confidence;interestingness;support;isSymmetric;cluster;source;target
frozenset({'peptide', 'SLC10A1'});frozenset({'taurocholic acid'});1.0;0.8571428560968539;8.556881872245754e-05;False;no_clustering;frozenset({'peptide', 'SLC10A1'});frozenset({'taurocholic acid'})
frozenset({'inflammasome', 'Leucine-rich repeat protein family'});frozenset({'Q7263603'});0.8333333333333334;0.6944444437382308;7.130734893538128e-05;False;no_clustering;frozenset({'inflammasome', 'Leucine-rich repeat protein family'});frozenset({'Q7263603'})
frozenset({'animal model', 'steroid'});frozenset({'Saon'});0.8333333333333334;0.6944444437382308;7.130734893538128e-05;False;no_clustering;frozenset({'animal model', 'steroid'});frozenset({'Saon'})
frozenset({'peptide hormone'});frozenset({'peptide hormones'});0.8333333333333334;0.6944444437382308;7.130734893538128e-05;True;no_clustering;frozenset({'peptide hormone'});frozenset({'peptide hormones'})
frozenset({'peptide hormones'});frozenset({'peptide hormone'});0.8333333333333334;0.6944444437382308;7.130734893538128e-05;True;no_clustering;frozenset({'peptide hormones'});frozenset({'peptide hormone'})
frozenset({'cytostasis', 'oxazolidine'});frozenset({'Nitrone'});0.8333333333333334;0.6944444437382308;7.130734893538128e-05;False;no_clustering;frozenset({'cytostasis', 'oxazolidine'});frozenset({'Nitrone'})
frozenset({'methylprednisolone', 'X-ray microtomography'});frozenset({'MPS Records'});1.0;0.6249999993644078;7.130734893538128e-05;False;no_clustering;frozenset({'methylprednisolone', 'X-ray microtomography'});frozenset({'MPS Records'})
frozenset({'pig', 'Q19702543'});frozenset({'Chlamydia suis'});0.8333333333333334;0.5952380946327692;7.130734893538128e-05;False;no_clustering;frozenset({'pig', 'Q19702543'});frozenset({'Chlamydia suis'})
frozenset({'nucleic acid', 'oxazolidine'});frozenset({'Nitrone'});0.7142857142857143;0.5952380946327692;7.130734893538128e-05;False;no_clustering;frozenset({'nucleic acid', 'oxazolidine'});frozenset({'Nitrone'})
frozenset({'séance', 'Ministry of Intelligence and National Security'});frozenset({'La Présentation'});0.8333333333333334;0.5952380946327692;7.130734893538128e-05;False;no_clustering;frozenset({'séance', 'Ministry of Intelligence and National Security'});frozenset({'La Présentation'})
frozenset({'osteoblast', 'steroid'});frozenset({'Saon'});0.7142857142857143;0.5952380946327692;7.130734893538128e-05;False;no_clustering;frozenset({'osteoblast', 'steroid'});frozenset({'Saon'})
frozenset({'aloe emodin'});frozenset({'chrysophanol'});0.7142857142857143;0.5952380946327692;7.130734893538128e-05;True;no_clustering;frozenset({'aloe emodin'});frozenset({'chrysophanol'})
frozenset({'chrysophanol'});frozenset({'aloe emodin'});0.8333333333333334;0.5952380946327692;7.130734893538128e-05;True;no_clustering;frozenset({'chrysophanol'});frozenset({'aloe emodin'})
frozenset({'cis–trans isomerism', 'oxazolidine'});frozenset({'Nitrone'});0.7142857142857143;0.5952380946327692;7.130734893538128e-05;False;no_clustering;frozenset({'cis–trans isomerism', 'oxazolidine'});frozenset({'Nitrone'})
frozenset({'Mars 2020', 'Ministry of Intelligence and National Security'});frozenset({'séance'});1.0;0.5555555549905847;7.130734893538128e-05;False;no_clustering;frozenset({'Mars 2020', 'Ministry of Intelligence and National Security'});frozenset({'séance'})
frozenset({'poultry', 'Alphitobius diaperinus'});frozenset({'Mealworm'});1.0;0.5555555549905847;7.130734893538128e-05;False;no_clustering;frozenset({'poultry', 'Alphitobius diaperinus'});frozenset({'Mealworm'})
frozenset({'lycorine', 'alkaloid'});frozenset({'Amaryllidaceae'});1.0;0.5555555549905847;7.130734893538128e-05;False;no_clustering;frozenset({'lycorine', 'alkaloid'});frozenset({'Amaryllidaceae'})
frozenset({'Tenebrionidae', 'Alphitobius diaperinus'});frozenset({'Mealworm'});1.0;0.5555555549905847;7.130734893538128e-05;False;no_clustering;frozenset({'Tenebrionidae', 'Alphitobius diaperinus'});frozenset({'Mealworm'})
frozenset({'cis–trans isomerism', 'cytostasis'});frozenset({'oxazolidine'});1.0;0.5555555549905847;7.130734893538128e-05;False;no_clustering;frozenset({'cis–trans isomerism', 'cytostasis'});frozenset({'oxazolidine'})
frozenset({'Nitrone'});frozenset({'oxazolidine'});1.0;0.6666666658531086;8.556881872245754e-05;False;no_clustering;frozenset({'Nitrone'});frozenset({'oxazolidine'})
frozenset({'La Présentation', 'Ministry of Intelligence and National Security'});frozenset({'séance'});1.0;0.5555555549905847;7.130734893538128e-05;False;no_clustering;frozenset({'La Présentation', 'Ministry of Intelligence and National Security'});frozenset({'séance'})
frozenset({'gravitational wave'});frozenset({'Laser Interferometer Gravitational Wave Observatory'});0.75;0.6428571420726404;8.556881872245754e-05;True;no_clustering;frozenset({'gravitational wave'});frozenset({'Laser Interferometer Gravitational Wave Observatory'})
frozenset({'Laser Interferometer Gravitational Wave Observatory'});frozenset({'gravitational wave'});0.8571428571428571;0.6428571420726404;8.556881872245754e-05;True;no_clustering;frozenset({'Laser Interferometer Gravitational Wave Observatory'});frozenset({'gravitational wave'})
frozenset({'séance', 'Ministry of Intelligence and National Security'});frozenset({'Mars 2020'});0.8333333333333334;0.5208333328036732;7.130734893538128e-05;False;no_clustering;frozenset({'séance', 'Ministry of Intelligence and National Security'});frozenset({'Mars 2020'})
frozenset({'GJA1'});frozenset({'gap junction'});0.8333333333333334;0.5208333328036732;7.130734893538128e-05;False;no_clustering;frozenset({'GJA1'});frozenset({'gap junction'})
frozenset({'carnivore', 'Crocuta crocuta'});frozenset({'Hyaena'});0.8333333333333334;0.5208333328036732;7.130734893538128e-05;False;no_clustering;frozenset({'carnivore', 'Crocuta crocuta'});frozenset({'Hyaena'})
frozenset({'CMAHP'});frozenset({'N-glycoloyl-beta-neuraminic acid'});0.8333333333333334;0.5208333328036732;7.130734893538128e-05;False;no_clustering;frozenset({'CMAHP'});frozenset({'N-glycoloyl-beta-neuraminic acid'})
frozenset({'Q719656'});frozenset({'Fasciola hepatica'});0.8333333333333334;0.5208333328036732;7.130734893538128e-05;False;no_clustering;frozenset({'Q719656'});frozenset({'Fasciola hepatica'})
frozenset({'Cystoisospora', 'Q19702543'});frozenset({'Chlamydia suis'});0.7142857142857143;0.5102040811138022;7.130734893538128e-05;False;no_clustering;frozenset({'Cystoisospora', 'Q19702543'});frozenset({'Chlamydia suis'})
frozenset({'Mealworm', 'Coleoptera'});frozenset({'Tenebrionidae'});0.7142857142857143;0.5102040811138022;7.130734893538128e-05;False;no_clustering;frozenset({'Mealworm', 'Coleoptera'});frozenset({'Tenebrionidae'})
frozenset({'trap', 'transgender person'});frozenset({'LGBT'});1.0;0.4999999994915262;7.130734893538128e-05;False;no_clustering;frozenset({'trap', 'transgender person'});frozenset({'LGBT'})
frozenset({'opioid use disorder', 'naloxone'});frozenset({'buprenorphine'});1.0;0.4999999994915262;7.130734893538128e-05;False;no_clustering;frozenset({'opioid use disorder', 'naloxone'});frozenset({'buprenorphine'})
frozenset({'Alphitobius diaperinus'});frozenset({'Mealworm'});0.8999999999999999;0.8999999983525448;0.0001283532280836863;True;no_clustering;frozenset({'Alphitobius diaperinus'});frozenset({'Mealworm'})
frozenset({'Mealworm'});frozenset({'Alphitobius diaperinus'});1.0;0.8999999983525448;0.0001283532280836863;True;no_clustering;frozenset({'Mealworm'});frozenset({'Alphitobius diaperinus'})
frozenset({'Crocuta crocuta'});frozenset({'Hyaena'});0.7777777777777779;0.6805555545866304;9.98302885095338e-05;True;no_clustering;frozenset({'Crocuta crocuta'});frozenset({'Hyaena'})
frozenset({'Hyaena'});frozenset({'Crocuta crocuta'});0.875;0.6805555545866304;9.98302885095338e-05;True;no_clustering;frozenset({'Hyaena'});frozenset({'Crocuta crocuta'})
frozenset({'manuscript', 'ICMJE recommendations'});frozenset({'Daktronics'});0.8571428571428571;0.571428570731236;8.556881872245754e-05;False;no_clustering;frozenset({'manuscript', 'ICMJE recommendations'});frozenset({'Daktronics'})
frozenset({'cis–trans isomerism', 'nucleic acid'});frozenset({'oxazolidine'});0.8571428571428571;0.571428570731236;8.556881872245754e-05;False;no_clustering;frozenset({'cis–trans isomerism', 'nucleic acid'});frozenset({'oxazolidine'})
frozenset({'systemic scleroderma'});frozenset({'scleroderma'});0.75;0.5624999993135603;8.556881872245754e-05;True;no_clustering;frozenset({'systemic scleroderma'});frozenset({'scleroderma'})
frozenset({'scleroderma'});frozenset({'systemic scleroderma'});0.75;0.5624999993135603;8.556881872245754e-05;True;no_clustering;frozenset({'scleroderma'});frozenset({'systemic scleroderma'})
frozenset({'Tenebrionidae', 'Coleoptera'});frozenset({'Mealworm'});0.8333333333333334;0.46296296249215385;7.130734893538128e-05;False;no_clustering;frozenset({'Tenebrionidae', 'Coleoptera'});frozenset({'Mealworm'})
frozenset({'Morpholino', 'Dystrophin'});frozenset({'Exon skipping'});1.0;0.4545454540832057;7.130734893538128e-05;False;no_clustering;frozenset({'Morpholino', 'Dystrophin'});frozenset({'Exon skipping'})
frozenset({'LGBT'});frozenset({'trap'});1.0;0.9090909072419135;0.00014261469787076256;True;no_clustering;frozenset({'LGBT'});frozenset({'trap'})
frozenset({'trap'});frozenset({'LGBT'});0.9090909090909092;0.9090909072419135;0.00014261469787076256;True;no_clustering;frozenset({'trap'});frozenset({'LGBT'})
frozenset({'capsid', 'natural-gas condensate'});frozenset({'liquid'});1.0;0.4545454540832057;7.130734893538128e-05;False;no_clustering;frozenset({'capsid', 'natural-gas condensate'});frozenset({'liquid'})
frozenset({'alternative splicing', 'ERN1'});frozenset({'XBP1'});1.0;0.4545454540832057;7.130734893538128e-05;False;no_clustering;frozenset({'alternative splicing', 'ERN1'});frozenset({'XBP1'})
frozenset({'liquid', 'capsid'});frozenset({'natural-gas condensate'});1.0;0.4545454540832057;7.130734893538128e-05;False;no_clustering;frozenset({'liquid', 'capsid'});frozenset({'natural-gas condensate'})
frozenset({'oligonucleotide', 'Dystrophin'});frozenset({'Exon skipping'});1.0;0.4545454540832057;7.130734893538128e-05;False;no_clustering;frozenset({'oligonucleotide', 'Dystrophin'});frozenset({'Exon skipping'})
frozenset({'Firmicutes', 'phylum'});frozenset({'Bacteroidetes'});0.7142857142857143;0.44642857097457694;7.130734893538128e-05;False;no_clustering;frozenset({'Firmicutes', 'phylum'});frozenset({'Bacteroidetes'})
frozenset({'Hispid cotton rat'});frozenset({'Sigmodon'});0.7142857142857143;0.44642857097457694;7.130734893538128e-05;False;no_clustering;frozenset({'Hispid cotton rat'});frozenset({'Sigmodon'})
frozenset({'Cytotrophoblast'});frozenset({'Syncytiotrophoblast'});0.7142857142857143;0.44642857097457694;7.130734893538128e-05;False;no_clustering;frozenset({'Cytotrophoblast'});frozenset({'Syncytiotrophoblast'})
frozenset({'taurocholic acid'});frozenset({'SLC10A1'});0.8571428571428571;0.5142857136581124;8.556881872245754e-05;False;no_clustering;frozenset({'taurocholic acid'});frozenset({'SLC10A1'})
frozenset({'database', 'gastric bypass surgery'});frozenset({'Sleeve gastrectomy'});1.0;0.4999999993898314;8.556881872245754e-05;False;no_clustering;frozenset({'database', 'gastric bypass surgery'});frozenset({'Sleeve gastrectomy'})
frozenset({'flavonoid', 'Isatis tinctoria'});frozenset({'Hairy root culture'});1.0;0.41666666624293847;7.130734893538128e-05;False;no_clustering;frozenset({'flavonoid', 'Isatis tinctoria'});frozenset({'Hairy root culture'})
frozenset({'laparoscopy', 'gastric bypass surgery'});frozenset({'Sleeve gastrectomy'});1.0;0.4999999993898314;8.556881872245754e-05;False;no_clustering;frozenset({'laparoscopy', 'gastric bypass surgery'});frozenset({'Sleeve gastrectomy'})
frozenset({'HOL'});frozenset({'Isabelle'});0.8333333333333334;0.41666666624293847;7.130734893538128e-05;False;no_clustering;frozenset({'HOL'});frozenset({'Isabelle'})
frozenset({'metagenomics', 'Proteobacteria'});frozenset({'Firmicutes'});1.0;0.41666666624293847;7.130734893538128e-05;False;no_clustering;frozenset({'metagenomics', 'Proteobacteria'});frozenset({'Firmicutes'})
frozenset({'metabolism', 'gastric bypass surgery'});frozenset({'Sleeve gastrectomy'});1.0;0.4999999993898314;8.556881872245754e-05;False;no_clustering;frozenset({'metabolism', 'gastric bypass surgery'});frozenset({'Sleeve gastrectomy'})
frozenset({'database', 'bariatric surgery'});frozenset({'Sleeve gastrectomy'});1.0;0.4999999993898314;8.556881872245754e-05;False;no_clustering;frozenset({'database', 'bariatric surgery'});frozenset({'Sleeve gastrectomy'})
frozenset({'Tenebrionidae', 'Coleoptera'});frozenset({'Alphitobius diaperinus'});0.8333333333333334;0.41666666624293847;7.130734893538128e-05;False;no_clustering;frozenset({'Tenebrionidae', 'Coleoptera'});frozenset({'Alphitobius diaperinus'})
frozenset({'comorbidity', 'gastric bypass surgery'});frozenset({'Sleeve gastrectomy'});1.0;0.41666666624293847;7.130734893538128e-05;False;no_clustering;frozenset({'comorbidity', 'gastric bypass surgery'});frozenset({'Sleeve gastrectomy'})
frozenset({'baby', 'Fc receptor'});frozenset({'Fc fragment of IgG receptor and transporter'});0.8333333333333334;0.41666666624293847;7.130734893538128e-05;False;no_clustering;frozenset({'baby', 'Fc receptor'});frozenset({'Fc fragment of IgG receptor and transporter'})
frozenset({'Tenebrionidae'});frozenset({'Mealworm'});0.7142857142857143;0.3968253964218462;7.130734893538128e-05;False;no_clustering;frozenset({'Tenebrionidae'});frozenset({'Mealworm'})
frozenset({'hepatitis C', 'virology'});frozenset({'Foreign Intelligence Service'});0.7142857142857143;0.3968253964218462;7.130734893538128e-05;False;no_clustering;frozenset({'hepatitis C', 'virology'});frozenset({'Foreign Intelligence Service'})
frozenset({'Reoviridae', 'Mammalian orthoreovirus'});frozenset({'multiple independently targetable reentry vehicle'});0.7142857142857143;0.3968253964218462;7.130734893538128e-05;False;no_clustering;frozenset({'Reoviridae', 'Mammalian orthoreovirus'});frozenset({'multiple independently targetable reentry vehicle'})
frozenset({'La Présentation'});frozenset({'séance'});0.7142857142857143;0.3968253964218462;7.130734893538128e-05;False;no_clustering;frozenset({'La Présentation'});frozenset({'séance'})
frozenset({'ADAM proteins'});frozenset({'Disintegrin'});0.8571428571428571;0.46753246696192036;8.556881872245754e-05;False;no_clustering;frozenset({'ADAM proteins'});frozenset({'Disintegrin'})
frozenset({'laparoscopy', 'Sleeve gastrectomy'});frozenset({'gastric bypass surgery'});1.0;0.46153846097522905;8.556881872245754e-05;False;no_clustering;frozenset({'laparoscopy', 'Sleeve gastrectomy'});frozenset({'gastric bypass surgery'})
frozenset({'database', 'bariatric surgery'});frozenset({'gastric bypass surgery'});1.0;0.46153846097522905;8.556881872245754e-05;False;no_clustering;frozenset({'database', 'bariatric surgery'});frozenset({'gastric bypass surgery'})
frozenset({'database', 'Sleeve gastrectomy'});frozenset({'gastric bypass surgery'});1.0;0.46153846097522905;8.556881872245754e-05;False;no_clustering;frozenset({'database', 'Sleeve gastrectomy'});frozenset({'gastric bypass surgery'})
frozenset({'comorbidity', 'Sleeve gastrectomy'});frozenset({'gastric bypass surgery'});1.0;0.38461538422425096;7.130734893538128e-05;False;no_clustering;frozenset({'comorbidity', 'Sleeve gastrectomy'});frozenset({'gastric bypass surgery'})
frozenset({'metabolism', 'Sleeve gastrectomy'});frozenset({'gastric bypass surgery'});1.0;0.46153846097522905;8.556881872245754e-05;False;no_clustering;frozenset({'metabolism', 'Sleeve gastrectomy'});frozenset({'gastric bypass surgery'})
frozenset({'reactive nitrogen species', 'nitric oxide (radical)'});frozenset({'peroxynitrite ion'});1.0;0.38461538422425096;7.130734893538128e-05;False;no_clustering;frozenset({'reactive nitrogen species', 'nitric oxide (radical)'});frozenset({'peroxynitrite ion'})
frozenset({'psychology', 'clinical neuropsychology'});frozenset({'Frontiers in Psychology'});1.0;0.38461538422425096;7.130734893538128e-05;False;no_clustering;frozenset({'psychology', 'clinical neuropsychology'});frozenset({'Frontiers in Psychology'})
frozenset({'Sleeve gastrectomy', 'bariatric surgery'});frozenset({'gastric bypass surgery'});1.0;0.7692307676662345;0.00014261469787076256;False;no_clustering;frozenset({'Sleeve gastrectomy', 'bariatric surgery'});frozenset({'gastric bypass surgery'})
frozenset({'disease', 'Sleeve gastrectomy'});frozenset({'gastric bypass surgery'});1.0;0.38461538422425096;7.130734893538128e-05;False;no_clustering;frozenset({'disease', 'Sleeve gastrectomy'});frozenset({'gastric bypass surgery'})
frozenset({'superoxide', 'nitric oxide (radical)'});frozenset({'peroxynitrite ion'});1.0;0.5384615376949163;9.98302885095338e-05;False;no_clustering;frozenset({'superoxide', 'nitric oxide (radical)'});frozenset({'peroxynitrite ion'})
frozenset({'subtyping', 'Cryptosporidium parvum'});frozenset({'EMD GP60'});0.8333333333333334;0.37878787840267136;7.130734893538128e-05;False;no_clustering;frozenset({'subtyping', 'Cryptosporidium parvum'});frozenset({'EMD GP60'})
frozenset({'pyridine N-oxide'});frozenset({'amine oxide'});0.8333333333333334;0.37878787840267136;7.130734893538128e-05;False;no_clustering;frozenset({'pyridine N-oxide'});frozenset({'amine oxide'})
frozenset({'Epidemiology and Infection', 'asteroid family'});frozenset({'Cambridge University Press'});0.875;0.5104166659399728;9.98302885095338e-05;False;no_clustering;frozenset({'Epidemiology and Infection', 'asteroid family'});frozenset({'Cambridge University Press'})
frozenset({'steroid', 'MPS Records'});frozenset({'X-ray microtomography'});1.0;0.35714285677966157;7.130734893538128e-05;False;no_clustering;frozenset({'steroid', 'MPS Records'});frozenset({'X-ray microtomography'})
frozenset({'Mealworm', 'Tenebrionidae'});frozenset({'Coleoptera'});1.0;0.35714285677966157;7.130734893538128e-05;False;no_clustering;frozenset({'Mealworm', 'Tenebrionidae'});frozenset({'Coleoptera'})
frozenset({'naloxone'});frozenset({'buprenorphine'});0.7142857142857143;0.35714285677966157;7.130734893538128e-05;False;no_clustering;frozenset({'naloxone'});frozenset({'buprenorphine'})
frozenset({'Tenebrionidae', 'Alphitobius diaperinus'});frozenset({'Coleoptera'});1.0;0.35714285677966157;7.130734893538128e-05;False;no_clustering;frozenset({'Tenebrionidae', 'Alphitobius diaperinus'});frozenset({'Coleoptera'})
frozenset({'Tenebrionidae'});frozenset({'Alphitobius diaperinus'});0.7142857142857143;0.35714285677966157;7.130734893538128e-05;False;no_clustering;frozenset({'Tenebrionidae'});frozenset({'Alphitobius diaperinus'})
frozenset({'Southern blot', 'tobacco'});frozenset({'chloroplast'});1.0;0.35714285677966157;7.130734893538128e-05;False;no_clustering;frozenset({'Southern blot', 'tobacco'});frozenset({'chloroplast'})
frozenset({'SB-203580', 'Mitogen-activated protein (MAP) kinase JNK'});frozenset({'pyrazolanthrone'});0.8571428571428571;0.42857142804842696;8.556881872245754e-05;False;no_clustering;frozenset({'SB-203580', 'Mitogen-activated protein (MAP) kinase JNK'});frozenset({'pyrazolanthrone'})
frozenset({'ZBW - Leibniz Information Centre for Economics'});frozenset({'Boston Air Route Traffic Control Center'});1.0;0.5714285704987908;0.00011409175829661005;False;no_clustering;frozenset({'ZBW - Leibniz Information Centre for Economics'});frozenset({'Boston Air Route Traffic Control Center'})
frozenset({'methylprednisolone', 'MPS Records'});frozenset({'X-ray microtomography'});1.0;0.35714285677966157;7.130734893538128e-05;False;no_clustering;frozenset({'methylprednisolone', 'MPS Records'});frozenset({'X-ray microtomography'})
frozenset({'hemolytic-uremic syndrome', 'Escherichia coli'});frozenset({'Verotoxin-producing Escherichia coli'});1.0;0.35714285677966157;7.130734893538128e-05;False;no_clustering;frozenset({'hemolytic-uremic syndrome', 'Escherichia coli'});frozenset({'Verotoxin-producing Escherichia coli'})
frozenset({'steroid', 'femur'});frozenset({'X-ray microtomography'});1.0;0.35714285677966157;7.130734893538128e-05;False;no_clustering;frozenset({'steroid', 'femur'});frozenset({'X-ray microtomography'})
frozenset({'Mars 2020', 'séance'});frozenset({'Ministry of Intelligence and National Security'});1.0;0.35714285677966157;7.130734893538128e-05;False;no_clustering;frozenset({'Mars 2020', 'séance'});frozenset({'Ministry of Intelligence and National Security'})
frozenset({'La Présentation', 'séance'});frozenset({'Ministry of Intelligence and National Security'});1.0;0.35714285677966157;7.130734893538128e-05;False;no_clustering;frozenset({'La Présentation', 'séance'});frozenset({'Ministry of Intelligence and National Security'})
frozenset({'Daktronics'});frozenset({'ICMJE recommendations'});0.7777777777777779;0.49494949424482215;9.98302885095338e-05;False;no_clustering;frozenset({'Daktronics'});frozenset({'ICMJE recommendations'})
frozenset({'HMOX1', 'inflammation'});frozenset({'Heme oxygenase'});0.8333333333333334;0.3472222218691154;7.130734893538128e-05;False;no_clustering;frozenset({'HMOX1', 'inflammation'});frozenset({'Heme oxygenase'})
frozenset({'ionization', 'surface enhanced Raman spectroscopy'});frozenset({'soft laser desorption'});0.8333333333333334;0.3472222218691154;7.130734893538128e-05;False;no_clustering;frozenset({'ionization', 'surface enhanced Raman spectroscopy'});frozenset({'soft laser desorption'})
frozenset({'phylum', 'Bacteroidetes'});frozenset({'Firmicutes'});0.8333333333333334;0.3472222218691154;7.130734893538128e-05;False;no_clustering;frozenset({'phylum', 'Bacteroidetes'});frozenset({'Firmicutes'})
frozenset({'HBsAg', 'cytotoxicity'});frozenset({'HBeAg [HBV]'});0.8333333333333334;0.3472222218691154;7.130734893538128e-05;False;no_clustering;frozenset({'HBsAg', 'cytotoxicity'});frozenset({'HBeAg [HBV]'})
frozenset({'disease', 'gastric bypass surgery'});frozenset({'Sleeve gastrectomy'});0.8333333333333334;0.3472222218691154;7.130734893538128e-05;False;no_clustering;frozenset({'disease', 'gastric bypass surgery'});frozenset({'Sleeve gastrectomy'})
frozenset({'asphyxia'});frozenset({'وفاة'});0.8;0.7999999980474607;0.00017113763744491507;True;no_clustering;frozenset({'asphyxia'});frozenset({'وفاة'})
frozenset({'oligonucleotide', 'Exon skipping'});frozenset({'Dystrophin'});1.0;0.3333333329943508;7.130734893538128e-05;False;no_clustering;frozenset({'oligonucleotide', 'Exon skipping'});frozenset({'Dystrophin'})
frozenset({'وفاة'});frozenset({'asphyxia'});1.0;0.7999999980474607;0.00017113763744491507;True;no_clustering;frozenset({'وفاة'});frozenset({'asphyxia'})
frozenset({'muscular dystrophy', 'Dystrophin'});frozenset({'Exon skipping'});0.7272727272727273;0.5289256189740875;0.00011409175829661005;False;no_clustering;frozenset({'muscular dystrophy', 'Dystrophin'});frozenset({'Exon skipping'})
frozenset({'Duchenne muscular dystrophy', 'Dystrophin'});frozenset({'Exon skipping'});0.7272727272727273;0.5289256189740875;0.00011409175829661005;False;no_clustering;frozenset({'Duchenne muscular dystrophy', 'Dystrophin'});frozenset({'Exon skipping'})
frozenset({'disease', 'bariatric surgery'});frozenset({'gastric bypass surgery'});0.8571428571428571;0.3956043951216249;8.556881872245754e-05;False;no_clustering;frozenset({'disease', 'bariatric surgery'});frozenset({'gastric bypass surgery'})
frozenset({'Quantitative proteomics', 'cell culture'});frozenset({'Stable isotope labeling by amino acids in cell culture'});0.8571428571428571;0.3956043951216249;8.556881872245754e-05;False;no_clustering;frozenset({'Quantitative proteomics', 'cell culture'});frozenset({'Stable isotope labeling by amino acids in cell culture'})
frozenset({'cytostasis', 'HeLa'});frozenset({'L1210'});0.9090909090909092;0.6493506480299382;0.00014261469787076256;False;no_clustering;frozenset({'cytostasis', 'HeLa'});frozenset({'L1210'})
frozenset({'gene', 'Cryptosporidium'});frozenset({'EMD GP60'});0.7142857142857143;0.32467532434514684;7.130734893538128e-05;False;no_clustering;frozenset({'gene', 'Cryptosporidium'});frozenset({'EMD GP60'})
frozenset({'Duchenne muscular dystrophy', 'oligonucleotide'});frozenset({'Exon skipping'});0.7142857142857143;0.32467532434514684;7.130734893538128e-05;False;no_clustering;frozenset({'Duchenne muscular dystrophy', 'oligonucleotide'});frozenset({'Exon skipping'})
frozenset({'Pasteurella multocida', 'Bovine coronavirus'});frozenset({'Histophilus somni'});0.7142857142857143;0.32467532434514684;7.130734893538128e-05;False;no_clustering;frozenset({'Pasteurella multocida', 'Bovine coronavirus'});frozenset({'Histophilus somni'})
frozenset({'Duchenne muscular dystrophy', 'Morpholino'});frozenset({'Exon skipping'});0.7142857142857143;0.32467532434514684;7.130734893538128e-05;False;no_clustering;frozenset({'Duchenne muscular dystrophy', 'Morpholino'});frozenset({'Exon skipping'})
frozenset({'muscular dystrophy', 'Morpholino'});frozenset({'Exon skipping'});0.7142857142857143;0.32467532434514684;7.130734893538128e-05;False;no_clustering;frozenset({'muscular dystrophy', 'Morpholino'});frozenset({'Exon skipping'})
frozenset({'tripartite motif proteins', 'ubiquitin'});frozenset({'TRIM25'});0.7142857142857143;0.32467532434514684;7.130734893538128e-05;False;no_clustering;frozenset({'tripartite motif proteins', 'ubiquitin'});frozenset({'TRIM25'})
frozenset({'Mannheimia', 'Bovine coronavirus'});frozenset({'Histophilus somni'});0.7142857142857143;0.32467532434514684;7.130734893538128e-05;False;no_clustering;frozenset({'Mannheimia', 'Bovine coronavirus'});frozenset({'Histophilus somni'})
frozenset({'Mycoplasma bovis', 'Pasteurella multocida'});frozenset({'Histophilus somni'});0.7142857142857143;0.32467532434514684;7.130734893538128e-05;False;no_clustering;frozenset({'Mycoplasma bovis', 'Pasteurella multocida'});frozenset({'Histophilus somni'})
frozenset({'evolution', 'Aptamer'});frozenset({'Systematic Evolution of Ligands by Exponential Enrichment'});0.8999999999999999;0.5785714275123501;0.0001283532280836863;False;no_clustering;frozenset({'evolution', 'Aptamer'});frozenset({'Systematic Evolution of Ligands by Exponential Enrichment'})
frozenset({'Maharashtra', 'Gujarat'});frozenset({'Tamil Nadu'});0.8333333333333334;0.3205128201868757;7.130734893538128e-05;False;no_clustering;frozenset({'Maharashtra', 'Gujarat'});frozenset({'Tamil Nadu'})
frozenset({'gastric bypass surgery'});frozenset({'Sleeve gastrectomy'});0.7692307692307693;0.641025639721862;0.00014261469787076256;True;no_clustering;frozenset({'gastric bypass surgery'});frozenset({'Sleeve gastrectomy'})
frozenset({'body mass index', 'bariatric surgery'});frozenset({'gastric bypass surgery'});0.8333333333333334;0.3205128201868757;7.130734893538128e-05;False;no_clustering;frozenset({'body mass index', 'bariatric surgery'});frozenset({'gastric bypass surgery'})
frozenset({'superoxide', 'reactive nitrogen species'});frozenset({'peroxynitrite ion'});0.8333333333333334;0.3205128201868757;7.130734893538128e-05;False;no_clustering;frozenset({'superoxide', 'reactive nitrogen species'});frozenset({'peroxynitrite ion'})
frozenset({'Sleeve gastrectomy'});frozenset({'gastric bypass surgery'});0.8333333333333334;0.641025639721862;0.00014261469787076256;True;no_clustering;frozenset({'Sleeve gastrectomy'});frozenset({'gastric bypass surgery'})
frozenset({'multiple myeloma', 'proteasome inhibitor'});frozenset({'bortezomib'});1.0;0.3749999995423736;8.556881872245754e-05;False;no_clustering;frozenset({'multiple myeloma', 'proteasome inhibitor'});frozenset({'bortezomib'})
frozenset({'pig', 'Chlamydia suis'});frozenset({'Cystoisospora'});1.0;0.3749999995423736;8.556881872245754e-05;False;no_clustering;frozenset({'pig', 'Chlamydia suis'});frozenset({'Cystoisospora'})
frozenset({'metagenomics', 'Firmicutes'});frozenset({'Proteobacteria'});1.0;0.3124999996822039;7.130734893538128e-05;False;no_clustering;frozenset({'metagenomics', 'Firmicutes'});frozenset({'Proteobacteria'})
frozenset({'Q2601436', 'protein superfamily'});frozenset({'Ccaat-enhancer-binding proteins'});1.0;0.3124999996822039;7.130734893538128e-05;False;no_clustering;frozenset({'Q2601436', 'protein superfamily'});frozenset({'Ccaat-enhancer-binding proteins'})
frozenset({'Q2601436', 'eIF2'});frozenset({'Activating transcription factor 4'});1.0;0.3749999995423736;8.556881872245754e-05;False;no_clustering;frozenset({'Q2601436', 'eIF2'});frozenset({'Activating transcription factor 4'})
frozenset({'Q19702543', 'Chlamydia suis'});frozenset({'Cystoisospora'});1.0;0.3124999996822039;7.130734893538128e-05;False;no_clustering;frozenset({'Q19702543', 'Chlamydia suis'});frozenset({'Cystoisospora'})
frozenset({'Generalized Anxiety Disorder 7', 'logistic regression model'});frozenset({'PHQ-9'});1.0;0.3124999996822039;7.130734893538128e-05;False;no_clustering;frozenset({'Generalized Anxiety Disorder 7', 'logistic regression model'});frozenset({'PHQ-9'})
frozenset({'Baculovirus', 'protein complex'});frozenset({'protein quaternary structure'});1.0;0.3124999996822039;7.130734893538128e-05;False;no_clustering;frozenset({'Baculovirus', 'protein complex'});frozenset({'protein quaternary structure'})
frozenset({'Bacteroidetes'});frozenset({'Firmicutes'});0.75;0.3749999995423736;8.556881872245754e-05;False;no_clustering;frozenset({'Bacteroidetes'});frozenset({'Firmicutes'})
frozenset({'Americas', 'hantavirus pulmonary syndrome'});frozenset({'Eurasia'});1.0;0.3124999996822039;7.130734893538128e-05;False;no_clustering;frozenset({'Americas', 'hantavirus pulmonary syndrome'});frozenset({'Eurasia'})
frozenset({'logistic regression model', 'PHQ-9'});frozenset({'Generalized Anxiety Disorder 7'});1.0;0.3124999996822039;7.130734893538128e-05;False;no_clustering;frozenset({'logistic regression model', 'PHQ-9'});frozenset({'Generalized Anxiety Disorder 7'})
frozenset({'vomiting', 'hemagglutinin'});frozenset({'plug-in hybrid'});1.0;0.3124999996822039;7.130734893538128e-05;False;no_clustering;frozenset({'vomiting', 'hemagglutinin'});frozenset({'plug-in hybrid'})
frozenset({'Stress granule', 'PBS'});frozenset({'P-bodies'});1.0;0.3124999996822039;7.130734893538128e-05;False;no_clustering;frozenset({'Stress granule', 'PBS'});frozenset({'P-bodies'})
frozenset({'Tenebrionidae'});frozenset({'Coleoptera'});0.8571428571428571;0.3673469383272231;8.556881872245754e-05;False;no_clustering;frozenset({'Tenebrionidae'});frozenset({'Coleoptera'})
frozenset({'Iridoviridae', 'Singapore'});frozenset({'Epinephelinae'});0.8571428571428571;0.3673469383272231;8.556881872245754e-05;False;no_clustering;frozenset({'Iridoviridae', 'Singapore'});frozenset({'Epinephelinae'})
frozenset({'Exon skipping'});frozenset({'Dystrophin'});0.9090909090909092;0.6060606048279423;0.00014261469787076256;False;no_clustering;frozenset({'Exon skipping'});frozenset({'Dystrophin'})
frozenset({'ERN1', 'enzyme'});frozenset({'inositol'});0.7777777777777779;0.4188034182071573;9.98302885095338e-05;False;no_clustering;frozenset({'ERN1', 'enzyme'});frozenset({'inositol'})
frozenset({'muscular dystrophy', 'oligonucleotide'});frozenset({'Duchenne muscular dystrophy'});1.0;0.352941176039881;8.556881872245754e-05;False;no_clustering;frozenset({'muscular dystrophy', 'oligonucleotide'});frozenset({'Duchenne muscular dystrophy'})
frozenset({'Immola Airfield'});frozenset({'European Journal'});1.0;0.352941176039881;8.556881872245754e-05;False;no_clustering;frozenset({'Immola Airfield'});frozenset({'European Journal'})
frozenset({'ionization', 'mass spectrometry'});frozenset({'soft laser desorption'});0.7;0.4083333327519782;9.98302885095338e-05;False;no_clustering;frozenset({'ionization', 'mass spectrometry'});frozenset({'soft laser desorption'})
frozenset({'Epinephelinae', 'Singapore'});frozenset({'Iridoviridae'});0.8571428571428571;0.34285714243874155;8.556881872245754e-05;False;no_clustering;frozenset({'Epinephelinae', 'Singapore'});frozenset({'Iridoviridae'})
frozenset({'Alphitobius diaperinus'});frozenset({'Coleoptera'});0.8;0.4571428563990326;0.00011409175829661005;False;no_clustering;frozenset({'Alphitobius diaperinus'});frozenset({'Coleoptera'})
frozenset({'Mealworm'});frozenset({'Coleoptera'});0.7777777777777779;0.38888888833521745;9.98302885095338e-05;False;no_clustering;frozenset({'Mealworm'});frozenset({'Coleoptera'})
frozenset({'brefeldin A'});frozenset({'Bachelor of Fine Arts'});0.7777777777777779;0.38888888833521745;9.98302885095338e-05;False;no_clustering;frozenset({'brefeldin A'});frozenset({'Bachelor of Fine Arts'})
frozenset({'mutagen', 'ribavirin'});frozenset({'Error catastrophe'});0.7777777777777779;0.38888888833521745;9.98302885095338e-05;False;no_clustering;frozenset({'mutagen', 'ribavirin'});frozenset({'Error catastrophe'})
frozenset({'EIF2AK3', 'enzyme'});frozenset({'ATF6'});1.0;0.3333333329265543;8.556881872245754e-05;False;no_clustering;frozenset({'EIF2AK3', 'enzyme'});frozenset({'ATF6'})
frozenset({'common cold', 'Carrageenan'});frozenset({'nasal spray'});1.0;0.3333333329265543;8.556881872245754e-05;False;no_clustering;frozenset({'common cold', 'Carrageenan'});frozenset({'nasal spray'})
frozenset({'nucleic acid', 'HeLa'});frozenset({'L1210'});0.75;0.3214285710363202;8.556881872245754e-05;False;no_clustering;frozenset({'nucleic acid', 'HeLa'});frozenset({'L1210'})
frozenset({'GBF1'});frozenset({'Bachelor of Fine Arts'});0.75;0.3214285710363202;8.556881872245754e-05;False;no_clustering;frozenset({'GBF1'});frozenset({'Bachelor of Fine Arts'})
frozenset({'Chlamydia suis'});frozenset({'Cystoisospora'});0.8571428571428571;0.3214285710363202;8.556881872245754e-05;False;no_clustering;frozenset({'Chlamydia suis'});frozenset({'Cystoisospora'})
frozenset({'Bovine coronavirus', 'Mannheimia'});frozenset({'Mycoplasma bovis'});0.8571428571428571;0.3214285710363202;8.556881872245754e-05;False;no_clustering;frozenset({'Bovine coronavirus', 'Mannheimia'});frozenset({'Mycoplasma bovis'})
frozenset({'Generalized Anxiety Disorder 7', 'mental depression'});frozenset({'PHQ-9'});0.8571428571428571;0.3214285710363202;8.556881872245754e-05;False;no_clustering;frozenset({'Generalized Anxiety Disorder 7', 'mental depression'});frozenset({'PHQ-9'})
frozenset({'Ebola hemorrhagic fever', 'Niemann-Pick disease'});frozenset({'NPC1'});1.0;0.36842105210704806;9.98302885095338e-05;False;no_clustering;frozenset({'Ebola hemorrhagic fever', 'Niemann-Pick disease'});frozenset({'NPC1'})
frozenset({'Portable Document Format', 'Pertain'});frozenset({'copy editing'});0.875;0.7205882332422763;0.0001996605770190676;False;no_clustering;frozenset({'Portable Document Format', 'Pertain'});frozenset({'copy editing'})
frozenset({'Portable Document Format', 'typesetting'});frozenset({'copy editing'});0.8666666666666667;0.6627450962868754;0.00018539910723199132;False;no_clustering;frozenset({'Portable Document Format', 'typesetting'});frozenset({'copy editing'})
frozenset({'Pertain', 'readability'});frozenset({'copy editing'});0.8666666666666667;0.6627450962868754;0.00018539910723199132;False;no_clustering;frozenset({'Pertain', 'readability'});frozenset({'copy editing'})
frozenset({'typesetting', 'readability'});frozenset({'copy editing'});0.8571428571428571;0.6050420153300123;0.00017113763744491507;False;no_clustering;frozenset({'typesetting', 'readability'});frozenset({'copy editing'})
frozenset({'Mycoplasma bovis', 'Bovine coronavirus'});frozenset({'Mannheimia'});0.8571428571428571;0.30252100803418375;8.556881872245754e-05;False;no_clustering;frozenset({'Mycoplasma bovis', 'Bovine coronavirus'});frozenset({'Mannheimia'})
frozenset({'Pasteurella multocida', 'Bovine coronavirus'});frozenset({'Mannheimia'});0.8571428571428571;0.30252100803418375;8.556881872245754e-05;False;no_clustering;frozenset({'Pasteurella multocida', 'Bovine coronavirus'});frozenset({'Mannheimia'})
frozenset({'bovine respiratory disease', 'Pasteurella multocida'});frozenset({'Mannheimia'});0.8571428571428571;0.30252100803418375;8.556881872245754e-05;False;no_clustering;frozenset({'bovine respiratory disease', 'Pasteurella multocida'});frozenset({'Mannheimia'})
frozenset({'muscular dystrophy', 'Morpholino'});frozenset({'Duchenne muscular dystrophy'});0.8571428571428571;0.30252100803418375;8.556881872245754e-05;False;no_clustering;frozenset({'muscular dystrophy', 'Morpholino'});frozenset({'Duchenne muscular dystrophy'})
frozenset({'Pertain', 'metadata'});frozenset({'typesetting'});0.9444444444444445;0.8450292368442902;0.00024244498638029634;False;no_clustering;frozenset({'Pertain', 'metadata'});frozenset({'typesetting'})
frozenset({'copy editing', 'metadata'});frozenset({'typesetting'});0.9374999999999999;0.7401315766893433;0.00021392204680614383;False;no_clustering;frozenset({'copy editing', 'metadata'});frozenset({'typesetting'})
frozenset({'Pertain', 'metadata'});frozenset({'copy editing'});0.8333333333333334;0.7352941154037921;0.00021392204680614383;False;no_clustering;frozenset({'Pertain', 'metadata'});frozenset({'copy editing'})
frozenset({'metadata', 'typesetting'});frozenset({'copy editing'});0.8333333333333334;0.7352941154037921;0.00021392204680614383;False;no_clustering;frozenset({'metadata', 'typesetting'});frozenset({'copy editing'})
frozenset({'Pentraxins', 'innate immune system'});frozenset({'Pentraxin 3'});0.7777777777777779;0.3402777772933152;9.98302885095338e-05;False;no_clustering;frozenset({'Pentraxins', 'innate immune system'});frozenset({'Pentraxin 3'})
frozenset({'protein superfamily', 'apoptotic process'});frozenset({'Ccaat-enhancer-binding proteins'});0.7777777777777779;0.3402777772933152;9.98302885095338e-05;False;no_clustering;frozenset({'protein superfamily', 'apoptotic process'});frozenset({'Ccaat-enhancer-binding proteins'})
frozenset({'Pertain', 'typesetting'});frozenset({'copy editing'});0.823529411764706;0.6782006901103778;0.0001996605770190676;False;no_clustering;frozenset({'Pertain', 'typesetting'});frozenset({'copy editing'})
frozenset({'Exon skipping'});frozenset({'Duchenne muscular dystrophy'});0.8181818181818181;0.4331550794210109;0.0001283532280836863;False;no_clustering;frozenset({'Exon skipping'});frozenset({'Duchenne muscular dystrophy'})
frozenset({'muscular dystrophy', 'Dystrophin'});frozenset({'Duchenne muscular dystrophy'});0.8181818181818181;0.4331550794210109;0.0001283532280836863;False;no_clustering;frozenset({'muscular dystrophy', 'Dystrophin'});frozenset({'Duchenne muscular dystrophy'})
frozenset({'originality'});frozenset({'non-commercial activity'});0.9473684210526315;0.8526315758258742;0.0002567064561673726;True;no_clustering;frozenset({'originality'});frozenset({'non-commercial activity'})
frozenset({'Zaire ebolavirus', 'Niemann-Pick disease'});frozenset({'NPC1'});0.8999999999999999;0.42631578869331066;0.0001283532280836863;False;no_clustering;frozenset({'Zaire ebolavirus', 'Niemann-Pick disease'});frozenset({'NPC1'})
frozenset({'non-commercial activity'});frozenset({'originality'});0.8999999999999999;0.8526315758258742;0.0002567064561673726;True;no_clustering;frozenset({'non-commercial activity'});frozenset({'originality'})
frozenset({'copy editing'});frozenset({'typesetting'});0.8823529411764706;0.6965944251193819;0.00021392204680614383;True;no_clustering;frozenset({'copy editing'});frozenset({'typesetting'})
frozenset({'typesetting'});frozenset({'copy editing'});0.7894736842105263;0.6965944251193819;0.00021392204680614383;True;no_clustering;frozenset({'typesetting'});frozenset({'copy editing'})
frozenset({'Pertain', 'Portable Document Format'});frozenset({'typesetting'});0.875;0.6447368402694051;0.0001996605770190676;False;no_clustering;frozenset({'Pertain', 'Portable Document Format'});frozenset({'typesetting'})
frozenset({'eEF-1'});frozenset({'elongation factor'});0.7777777777777779;0.320261437452532;9.98302885095338e-05;False;no_clustering;frozenset({'eEF-1'});frozenset({'elongation factor'})
frozenset({'muscular dystrophy'});frozenset({'Duchenne muscular dystrophy'});0.7777777777777779;0.6405228739931346;0.0001996605770190676;True;no_clustering;frozenset({'muscular dystrophy'});frozenset({'Duchenne muscular dystrophy'})
frozenset({'glycolic acid'});frozenset({'PLGA'});0.7777777777777779;0.320261437452532;9.98302885095338e-05;False;no_clustering;frozenset({'glycolic acid'});frozenset({'PLGA'})
frozenset({'Duchenne muscular dystrophy'});frozenset({'muscular dystrophy'});0.823529411764706;0.6405228739931346;0.0001996605770190676;True;no_clustering;frozenset({'Duchenne muscular dystrophy'});frozenset({'muscular dystrophy'})
frozenset({'Pertain', 'readability'});frozenset({'typesetting'});0.8666666666666667;0.5929824545724675;0.00018539910723199132;False;no_clustering;frozenset({'Pertain', 'readability'});frozenset({'typesetting'})
frozenset({'Exon skipping'});frozenset({'muscular dystrophy'});0.8181818181818181;0.40909090834206585;0.0001283532280836863;False;no_clustering;frozenset({'Exon skipping'});frozenset({'muscular dystrophy'})
frozenset({'JAK-STAT signaling pathway', 'Transcription factor STAT'});frozenset({'Janus kinases'});0.9090909090909092;0.4545454536209568;0.00014261469787076256;False;no_clustering;frozenset({'JAK-STAT signaling pathway', 'Transcription factor STAT'});frozenset({'Janus kinases'})
frozenset({'genus', 'Rift Valley fever'});frozenset({'Phlebovirus'});1.0;0.3181818177288142;9.98302885095338e-05;False;no_clustering;frozenset({'genus', 'Rift Valley fever'});frozenset({'Phlebovirus'})
frozenset({'Cytomegalovirus', 'Murinae'});frozenset({'mine countermeasures vessel'});0.8;0.5333333320316406;0.00017113763744491507;False;no_clustering;frozenset({'Cytomegalovirus', 'Murinae'});frozenset({'mine countermeasures vessel'})
frozenset({'West Africa', 'Liberia'});frozenset({'Guinea'});0.8333333333333334;0.4385964903360109;0.00014261469787076256;False;no_clustering;frozenset({'West Africa', 'Liberia'});frozenset({'Guinea'})
frozenset({'Pentraxin 3', 'innate immune system'});frozenset({'Pentraxins'});0.875;0.3062499995639837;9.98302885095338e-05;False;no_clustering;frozenset({'Pentraxin 3', 'innate immune system'});frozenset({'Pentraxins'})
frozenset({'Stress granule', 'gene expression'});frozenset({'P-bodies'});0.7;0.3062499995639837;9.98302885095338e-05;False;no_clustering;frozenset({'Stress granule', 'gene expression'});frozenset({'P-bodies'})
frozenset({'Dystrophin'});frozenset({'Duchenne muscular dystrophy'});0.7333333333333333;0.47450980285995514;0.0001568761676578388;False;no_clustering;frozenset({'Dystrophin'});frozenset({'Duchenne muscular dystrophy'})
frozenset({'glycoprotein', 'NPC1'});frozenset({'Niemann-Pick disease'});0.7692307692307693;0.4273504264812415;0.00014261469787076256;False;no_clustering;frozenset({'glycoprotein', 'NPC1'});frozenset({'Niemann-Pick disease'})
frozenset({'Escherichia coli', 'diffraction'});frozenset({'lattice constant'});1.0;0.3749999993135603;0.0001283532280836863;False;no_clustering;frozenset({'Escherichia coli', 'diffraction'});frozenset({'lattice constant'})
frozenset({'Escherichia coli', 'crystallization'});frozenset({'lattice constant'});1.0;0.4166666658192103;0.00014261469787076256;False;no_clustering;frozenset({'Escherichia coli', 'crystallization'});frozenset({'lattice constant'})
frozenset({'space group', 'Escherichia coli'});frozenset({'lattice constant'});1.0;0.33333333279096133;0.00011409175829661005;False;no_clustering;frozenset({'space group', 'Escherichia coli'});frozenset({'lattice constant'})
frozenset({'Dystrophin'});frozenset({'muscular dystrophy'});0.7333333333333333;0.44814814714551315;0.0001568761676578388;False;no_clustering;frozenset({'Dystrophin'});frozenset({'muscular dystrophy'})
frozenset({'space group', 'structural biology'});frozenset({'lattice constant'});0.9230769230769231;0.46153846041199653;0.00017113763744491507;False;no_clustering;frozenset({'space group', 'structural biology'});frozenset({'lattice constant'})
frozenset({'glycoprotein', 'Niemann-Pick disease'});frozenset({'NPC1'});0.7142857142857143;0.3759398488594379;0.00014261469787076256;False;no_clustering;frozenset({'glycoprotein', 'Niemann-Pick disease'});frozenset({'NPC1'})
frozenset({'ultraviolet', 'photocatalysis'});frozenset({'titanium dioxide'});0.7142857142857143;0.3759398488594379;0.00014261469787076256;False;no_clustering;frozenset({'ultraviolet', 'photocatalysis'});frozenset({'titanium dioxide'})
frozenset({'transcription', 'diffraction'});frozenset({'lattice constant'});0.8999999999999999;0.33749999938220426;0.0001283532280836863;False;no_clustering;frozenset({'transcription', 'diffraction'});frozenset({'lattice constant'})
frozenset({'Escherichia coli', 'structural biology'});frozenset({'lattice constant'});0.8999999999999999;0.33749999938220426;0.0001283532280836863;False;no_clustering;frozenset({'Escherichia coli', 'structural biology'});frozenset({'lattice constant'})
frozenset({'space group', 'crystallization'});frozenset({'lattice constant'});0.8947368421052632;0.6337719276332177;0.00024244498638029634;False;no_clustering;frozenset({'space group', 'crystallization'});frozenset({'lattice constant'})
frozenset({'crystal structure', 'diffraction'});frozenset({'lattice constant'});0.8823529411764706;0.551470586552844;0.00021392204680614383;False;no_clustering;frozenset({'crystal structure', 'diffraction'});frozenset({'lattice constant'})
frozenset({'space group', 'diffraction'});frozenset({'lattice constant'});0.875;0.510416665213279;0.0001996605770190676;False;no_clustering;frozenset({'space group', 'diffraction'});frozenset({'lattice constant'})
frozenset({'endoplasmic reticulum', 'inositol'});frozenset({'ERN1'});0.8333333333333334;0.3623188398427916;0.00014261469787076256;False;no_clustering;frozenset({'endoplasmic reticulum', 'inositol'});frozenset({'ERN1'})
frozenset({'Guinea', 'Sierra Leone'});frozenset({'Liberia'});1.0;0.3928571419782096;0.0001568761676578388;False;no_clustering;frozenset({'Guinea', 'Sierra Leone'});frozenset({'Liberia'})
frozenset({'XBP1'});frozenset({'ERN1'});0.8181818181818181;0.3201581021807472;0.0001283532280836863;False;no_clustering;frozenset({'XBP1'});frozenset({'ERN1'})
frozenset({'cell cycle', 'cyclin-dependent kinase'});frozenset({'Cyclin'});0.8181818181818181;0.3201581021807472;0.0001283532280836863;False;no_clustering;frozenset({'cell cycle', 'cyclin-dependent kinase'});frozenset({'Cyclin'})
frozenset({'crystallography', 'space group'});frozenset({'lattice constant'});0.8333333333333334;0.3472222215160086;0.00014261469787076256;False;no_clustering;frozenset({'crystallography', 'space group'});frozenset({'lattice constant'})
frozenset({'buprenorphine'});frozenset({'opioid use disorder'});0.8999999999999999;0.3115384609681886;0.0001283532280836863;False;no_clustering;frozenset({'buprenorphine'});frozenset({'opioid use disorder'})
frozenset({'crystallization', 'transcription'});frozenset({'lattice constant'});0.8181818181818181;0.30681818125654936;0.0001283532280836863;False;no_clustering;frozenset({'crystallization', 'transcription'});frozenset({'lattice constant'})
frozenset({'soft laser desorption'});frozenset({'ionization'});0.9166666666666666;0.3734567892879276;0.0001568761676578388;False;no_clustering;frozenset({'soft laser desorption'});frozenset({'ionization'})
frozenset({'DNA repair', 'Adenosine diphosphate ribose'});frozenset({'ADP-ribosylation'});0.9090909090909092;0.3367003360155235;0.00014261469787076256;False;no_clustering;frozenset({'DNA repair', 'Adenosine diphosphate ribose'});frozenset({'ADP-ribosylation'})
frozenset({'inositol'});frozenset({'ERN1'});0.7692307692307693;0.33444815985488463;0.00014261469787076256;False;no_clustering;frozenset({'inositol'});frozenset({'ERN1'})
frozenset({'crystallography', 'crystallization'});frozenset({'lattice constant'});0.8;0.39999999902373035;0.00017113763744491507;False;no_clustering;frozenset({'crystallography', 'crystallization'});frozenset({'lattice constant'})
frozenset({'gastric bypass surgery'});frozenset({'bariatric surgery'});1.0;0.43333333218757236;0.00018539910723199132;False;no_clustering;frozenset({'gastric bypass surgery'});frozenset({'bariatric surgery'})
frozenset({'structural biology', 'diffraction'});frozenset({'lattice constant'});0.8;0.39999999902373035;0.00017113763744491507;False;no_clustering;frozenset({'structural biology', 'diffraction'});frozenset({'lattice constant'})
frozenset({'crystallization', 'diffraction'});frozenset({'lattice constant'});0.8;0.5333333315977428;0.0002281835165932201;False;no_clustering;frozenset({'crystallization', 'diffraction'});frozenset({'lattice constant'})
frozenset({'space group', 'crystal structure'});frozenset({'lattice constant'});0.7894736842105263;0.4934210511262288;0.00021392204680614383;False;no_clustering;frozenset({'space group', 'crystal structure'});frozenset({'lattice constant'})
frozenset({'crystal structure', 'structural biology'});frozenset({'lattice constant'});0.7777777777777779;0.45370370241180363;0.0001996605770190676;False;no_clustering;frozenset({'crystal structure', 'structural biology'});frozenset({'lattice constant'})
frozenset({'crystallography', 'lattice constant'});frozenset({'space group'});0.8333333333333334;0.320512819860931;0.00014261469787076256;False;no_clustering;frozenset({'crystallography', 'lattice constant'});frozenset({'space group'})
frozenset({'diffraction', 'lattice constant'});frozenset({'space group'});0.823529411764706;0.4434389127644778;0.0001996605770190676;False;no_clustering;frozenset({'diffraction', 'lattice constant'});frozenset({'space group'})
frozenset({'crystal structure', 'crystallization'});frozenset({'lattice constant'});0.7499999999999999;0.562499997940681;0.0002567064561673726;False;no_clustering;frozenset({'crystal structure', 'crystallization'});frozenset({'lattice constant'})
frozenset({'crystallization', 'lattice constant'});frozenset({'space group'});0.8095238095238094;0.529304027473896;0.00024244498638029634;False;no_clustering;frozenset({'crystallization', 'lattice constant'});frozenset({'space group'})
frozenset({'structural biology', 'lattice constant'});frozenset({'space group'});0.8;0.3692307683295973;0.00017113763744491507;False;no_clustering;frozenset({'structural biology', 'lattice constant'});frozenset({'space group'})
frozenset({'crystal structure', 'lattice constant'});frozenset({'space group'});0.7894736842105263;0.45546558565498046;0.00021392204680614383;False;no_clustering;frozenset({'crystal structure', 'lattice constant'});frozenset({'space group'})
frozenset({'Wanfang'});frozenset({'CNKI'});0.9090909090909092;0.30303030241397116;0.00014261469787076256;False;no_clustering;frozenset({'Wanfang'});frozenset({'CNKI'})
frozenset({'space group', 'structural biology'});frozenset({'diffraction'});0.8461538461538461;0.33241758167386964;0.0001568761676578388;False;no_clustering;frozenset({'space group', 'structural biology'});frozenset({'diffraction'})
frozenset({'crystal structure', 'diffraction'});frozenset({'space group'});0.7647058823529411;0.38235294016550503;0.00018539910723199132;False;no_clustering;frozenset({'crystal structure', 'diffraction'});frozenset({'space group'})
frozenset({'crystallization', 'structural biology'});frozenset({'lattice constant'});0.7;0.4083333321706232;0.0001996605770190676;False;no_clustering;frozenset({'crystallization', 'structural biology'});frozenset({'lattice constant'})
frozenset({'lattice constant'});frozenset({'space group'});0.7499999999999999;0.5192307673298593;0.0002567064561673726;False;no_clustering;frozenset({'lattice constant'});frozenset({'space group'})
frozenset({'structural biology', 'lattice constant'});frozenset({'diffraction'});0.8;0.3428571420203403;0.00017113763744491507;False;no_clustering;frozenset({'structural biology', 'lattice constant'});frozenset({'diffraction'})
frozenset({'lectin', 'microbicide'});frozenset({'Griffithsin'});0.8571428571428571;0.3428571420203403;0.00017113763744491507;False;no_clustering;frozenset({'lectin', 'microbicide'});frozenset({'Griffithsin'})
frozenset({'structural biology', 'diffraction'});frozenset({'space group'});0.7333333333333333;0.31025640956227835;0.0001568761676578388;False;no_clustering;frozenset({'structural biology', 'diffraction'});frozenset({'space group'})
frozenset({'crystal structure', 'lattice constant'});frozenset({'diffraction'});0.7894736842105263;0.42293232953676757;0.00021392204680614383;False;no_clustering;frozenset({'crystal structure', 'lattice constant'});frozenset({'diffraction'})
frozenset({'Guinea', 'Ebola hemorrhagic fever'});frozenset({'Liberia'});0.7857142857142857;0.30867346869716467;0.0001568761676578388;False;no_clustering;frozenset({'Guinea', 'Ebola hemorrhagic fever'});frozenset({'Liberia'})
frozenset({'space group', 'lattice constant'});frozenset({'diffraction'});0.7777777777777779;0.388888887781546;0.0001996605770190676;False;no_clustering;frozenset({'space group', 'lattice constant'});frozenset({'diffraction'})
frozenset({'crystallization', 'lattice constant'});frozenset({'diffraction'});0.7619047619047619;0.43537414824305526;0.0002281835165932201;False;no_clustering;frozenset({'crystallization', 'lattice constant'});frozenset({'diffraction'})
frozenset({'kinase', 'Q2601436'});frozenset({'EIF2AK3'});0.7058823529411765;0.3257918544084682;0.00017113763744491507;False;no_clustering;frozenset({'kinase', 'Q2601436'});frozenset({'EIF2AK3'})
frozenset({'metadata', 'typesetting'});frozenset({'Pertain'});0.9444444444444445;0.4587301571440433;0.00024244498638029634;False;no_clustering;frozenset({'metadata', 'typesetting'});frozenset({'Pertain'})
frozenset({'crystallization', 'diffraction'});frozenset({'space group'});0.7;0.37692307584980606;0.0001996605770190676;False;no_clustering;frozenset({'crystallization', 'diffraction'});frozenset({'space group'})
frozenset({'copy editing'});frozenset({'Pertain'});0.9411764705882354;0.4302520994401959;0.0002281835165932201;False;no_clustering;frozenset({'copy editing'});frozenset({'Pertain'})
frozenset({'Western African Ebola virus epidemic', 'Sierra Leone'});frozenset({'Liberia'});0.75;0.32142857064406904;0.00017113763744491507;False;no_clustering;frozenset({'Western African Ebola virus epidemic', 'Sierra Leone'});frozenset({'Liberia'})
frozenset({'Portable Document Format', 'typesetting'});frozenset({'Pertain'});0.9333333333333333;0.37333333227028415;0.0001996605770190676;False;no_clustering;frozenset({'Portable Document Format', 'typesetting'});frozenset({'Pertain'})
frozenset({'metadata', 'digital object identifier'});frozenset({'Portable Document Format'});0.9285714285714285;0.3448979582717412;0.00018539910723199132;False;no_clustering;frozenset({'metadata', 'digital object identifier'});frozenset({'Portable Document Format'})
frozenset({'typesetting', 'readability'});frozenset({'Pertain'});0.9285714285714285;0.3448979582717412;0.00018539910723199132;False;no_clustering;frozenset({'typesetting', 'readability'});frozenset({'Pertain'})
frozenset({'space group', 'crystallization'});frozenset({'diffraction'});0.736842105263158;0.3684210515825172;0.0001996605770190676;False;no_clustering;frozenset({'space group', 'crystallization'});frozenset({'diffraction'})
frozenset({'SFTS virus'});frozenset({'Severe fever with thrombocytopenia syndrome'});0.8799999999999999;0.5694117621580098;0.0003137523353156776;False;no_clustering;frozenset({'SFTS virus'});frozenset({'Severe fever with thrombocytopenia syndrome'})
frozenset({'typesetting'});frozenset({'Pertain'});0.8947368421052632;0.4345864646627778;0.00024244498638029634;False;no_clustering;frozenset({'typesetting'});frozenset({'Pertain'})
frozenset({'lattice constant'});frozenset({'diffraction'});0.7083333333333333;0.4300595223225406;0.00024244498638029634;False;no_clustering;frozenset({'lattice constant'});frozenset({'diffraction'})
frozenset({'copy editing'});frozenset({'Portable Document Format'});0.8823529411764706;0.3781512593505216;0.00021392204680614383;False;no_clustering;frozenset({'copy editing'});frozenset({'Portable Document Format'})
frozenset({'Pertain', 'readability'});frozenset({'Portable Document Format'});0.8666666666666667;0.32190476105362514;0.00018539910723199132;False;no_clustering;frozenset({'Pertain', 'readability'});frozenset({'Portable Document Format'})
frozenset({'metadata', 'readability'});frozenset({'Portable Document Format'});0.8636363636363636;0.4688311670194172;0.00027096792595444885;False;no_clustering;frozenset({'metadata', 'readability'});frozenset({'Portable Document Format'})
frozenset({'Pertain', 'metadata'});frozenset({'Portable Document Format'});0.8333333333333334;0.35714285605327045;0.00021392204680614383;False;no_clustering;frozenset({'Pertain', 'metadata'});frozenset({'Portable Document Format'})
frozenset({'metadata', 'typesetting'});frozenset({'Portable Document Format'});0.8333333333333334;0.35714285605327045;0.00021392204680614383;False;no_clustering;frozenset({'metadata', 'typesetting'});frozenset({'Portable Document Format'})
frozenset({'NEC'});frozenset({'necrotizing enterocolitis'});0.7307692307692308;0.4478908171277311;0.00027096792595444885;False;no_clustering;frozenset({'NEC'});frozenset({'necrotizing enterocolitis'})
frozenset({'Pertain', 'typesetting'});frozenset({'Portable Document Format'});0.823529411764706;0.3294117637678977;0.0001996605770190676;False;no_clustering;frozenset({'Pertain', 'typesetting'});frozenset({'Portable Document Format'})
frozenset({'copy editing'});frozenset({'readability'});0.823529411764706;0.3294117637678977;0.0001996605770190676;False;no_clustering;frozenset({'copy editing'});frozenset({'readability'})
frozenset({'Pertain', 'Portable Document Format'});frozenset({'readability'});0.8124999999999999;0.30178571348777355;0.00018539910723199132;False;no_clustering;frozenset({'Pertain', 'Portable Document Format'});frozenset({'readability'})
frozenset({'typesetting'});frozenset({'Portable Document Format'});0.7894736842105263;0.338345863629414;0.00021392204680614383;False;no_clustering;frozenset({'typesetting'});frozenset({'Portable Document Format'})
frozenset({'metadata', 'typesetting'});frozenset({'readability'});0.7777777777777779;0.31111111022523674;0.0001996605770190676;False;no_clustering;frozenset({'metadata', 'typesetting'});frozenset({'readability'})
frozenset({'Pertain', 'metadata'});frozenset({'readability'});0.7777777777777779;0.31111111022523674;0.0001996605770190676;False;no_clustering;frozenset({'Pertain', 'metadata'});frozenset({'readability'})
frozenset({'Portable Document Format', 'metadata'});frozenset({'readability'});0.7307692307692308;0.3967032951702761;0.00027096792595444885;False;no_clustering;frozenset({'Portable Document Format', 'metadata'});frozenset({'readability'})
frozenset({'Autocrine signaling'});frozenset({'paracrine'});0.7142857142857142;0.3061224480456603;0.00021392204680614383;False;no_clustering;frozenset({'Autocrine signaling'});frozenset({'paracrine'})
frozenset({'methyl', 'cell membrane'});frozenset({'cyclodextrin'});0.8823529411764706;0.3008021381197331;0.00021392204680614383;False;no_clustering;frozenset({'methyl', 'cell membrane'});frozenset({'cyclodextrin'})
frozenset({'methyl', 'cholesterol'});frozenset({'cyclodextrin'});0.8181818181818181;0.33471074257627303;0.0002567064561673726;False;no_clustering;frozenset({'methyl', 'cholesterol'});frozenset({'cyclodextrin'})
"frozenset({""People's Liberation Armed Forces of South Vietnam""})";frozenset({'Lassa mammarenavirus'});0.9130434782608696;0.3617719426713779;0.0002994908655286014;False;no_clustering;"frozenset({""People's Liberation Armed Forces of South Vietnam""})";frozenset({'Lassa mammarenavirus'})
frozenset({'crystal structure', 'lattice constant'});frozenset({'crystallization'});0.9473684210526315;0.30451127708066944;0.0002567064561673726;False;no_clustering;frozenset({'crystal structure', 'lattice constant'});frozenset({'crystallization'})
frozenset({'Immunoglobulin Y', 'antibody'});frozenset({'egg yolk'});0.7037037037037037;0.31834215044528325;0.00027096792595444885;False;no_clustering;frozenset({'Immunoglobulin Y', 'antibody'});frozenset({'egg yolk'})
frozenset({'lattice constant'});frozenset({'crystallization'});0.875;0.3281249985985191;0.0002994908655286014;False;no_clustering;frozenset({'lattice constant'});frozenset({'crystallization'})
frozenset({'BCL2 associated X apoptosis regulator'});frozenset({'BCL2 apoptosis regulator'});0.7575757575757576;0.32654127315676007;0.0003565367446769064;False;no_clustering;frozenset({'BCL2 associated X apoptosis regulator'});frozenset({'BCL2 apoptosis regulator'})
frozenset({'PRV engine'});frozenset({'pseudorabies'});0.7441860465116279;0.3840960215061261;0.0004563670331864402;False;no_clustering;frozenset({'PRV engine'});frozenset({'pseudorabies'})
frozenset({'NLRP3'});frozenset({'inflammasome'});0.8536585365853658;0.3782031464278093;0.000499151442547669;False;no_clustering;frozenset({'NLRP3'});frozenset({'inflammasome'})
frozenset({'ritonavir'});frozenset({'lopinavir'});0.7419354838709677;0.46120313430751475;0.0006560276102055078;False;no_clustering;frozenset({'ritonavir'});frozenset({'lopinavir'})
frozenset({'Enterovirus', 'hand foot and mouth disease'});frozenset({'Enterovirus 71'});0.9696969696969697;0.3072307210727069;0.0004563670331864402;False;no_clustering;frozenset({'Enterovirus', 'hand foot and mouth disease'});frozenset({'Enterovirus 71'})
frozenset({'Sileukemia'});frozenset({'leukemia'});0.9306930693069307;0.8576975180613396;0.0013405781599851682;True;no_clustering;frozenset({'Sileukemia'});frozenset({'leukemia'})
frozenset({'leukemia'});frozenset({'Sileukemia'});0.9215686274509804;0.8576975180613396;0.0013405781599851682;True;no_clustering;frozenset({'leukemia'});frozenset({'Sileukemia'})
frozenset({'Cas9'});frozenset({'CRISPR'});0.875;0.37609648747985996;0.0006988120195667365;False;no_clustering;frozenset({'Cas9'});frozenset({'CRISPR'})
frozenset({'Angiotensin II receptor antagonist'});frozenset({'ACE inhibitor'});0.7378640776699029;0.3921515317208827;0.0010838717038177954;False;no_clustering;frozenset({'Angiotensin II receptor antagonist'});frozenset({'ACE inhibitor'})
frozenset({'infoshop', 'Elsevier'});frozenset({'PZ Cussons'});0.8846153846153846;0.7156938304489031;0.002296096635719277;False;no_clustering;frozenset({'infoshop', 'Elsevier'});frozenset({'PZ Cussons'})
frozenset({'infoshop', 'database'});frozenset({'PZ Cussons'});0.8769230769230769;0.7535368891382419;0.00243871133359004;False;no_clustering;frozenset({'infoshop', 'database'});frozenset({'PZ Cussons'})
frozenset({'PZ Cussons', 'database'});frozenset({'infoshop'});0.9293478260869565;0.7460961161208788;0.00243871133359004;False;no_clustering;frozenset({'PZ Cussons', 'database'});frozenset({'infoshop'})
frozenset({'PZ Cussons'});frozenset({'infoshop'});0.9246231155778893;0.7987354314526662;0.002624110440822031;True;no_clustering;frozenset({'PZ Cussons'});frozenset({'infoshop'})
frozenset({'infoshop'});frozenset({'PZ Cussons'});0.8638497652582159;0.7987354314526662;0.002624110440822031;True;no_clustering;frozenset({'infoshop'});frozenset({'PZ Cussons'})
frozenset({'Elsevier', 'database'});frozenset({'PZ Cussons'});0.7000000000000001;0.5663316397465235;0.002296096635719277;False;no_clustering;frozenset({'Elsevier', 'database'});frozenset({'PZ Cussons'})
frozenset({'Elsevier', 'database'});frozenset({'infoshop'});0.7347826086956523;0.5829965098648221;0.0024101883940158874;False;no_clustering;frozenset({'Elsevier', 'database'});frozenset({'infoshop'})
frozenset({'medRxiv'});frozenset({'preprint'});0.8426573426573428;0.5641122489612562;0.003437014218685378;False;no_clustering;frozenset({'medRxiv'});frozenset({'preprint'})
frozenset({'PZ Cussons'});frozenset({'Elsevier'});0.879396984924623;0.34122941659471734;0.0024957572127383447;False;no_clustering;frozenset({'PZ Cussons'});frozenset({'Elsevier'})
frozenset({'infoshop', 'database'});frozenset({'Elsevier'});0.8666666666666667;0.3247597818895632;0.0024101883940158874;False;no_clustering;frozenset({'infoshop', 'database'});frozenset({'Elsevier'})
frozenset({'infoshop'});frozenset({'Elsevier'});0.8544600938967136;0.3448153688085157;0.0025955875012478786;False;no_clustering;frozenset({'infoshop'});frozenset({'Elsevier'})
